Country,Year,Full Date,Location,Tests,Yield
France,1960,12/27/60,Atmospheric,1,3
France,1960,2/13/60,Atmospheric,1,65
France,1960,4/1/60,Atmospheric,1,10
France,1961,11/7/61,Underground,1,10
France,1961,4/25/61,Atmospheric,1,0.5
France,1962,5/1/62,Underground,1,40
France,1963,10/20/63,Underground,1,52
France,1963,3/18/63,Underground,1,10
France,1963,3/30/63,Underground,1,2.5
France,1964,11/28/64,Underground,1,10
France,1964,2/14/64,Underground,1,3.7
France,1964,6/15/64,Underground,1,2.5
France,1965,10/1/65,Underground,1,2.5
France,1965,12/1/65,Underground,1,10
France,1965,2/27/65,Underground,1,127
France,1965,5/30/65,Underground,1,2.5
France,1966,10/4/66,Atmospheric,1,205
France,1966,2/16/66,Underground,1,13
France,1966,7/19/66,Atmospheric,1,50
France,1966,7/2/66,Atmospheric,1,28
France,1966,7/21/66,Atmospheric,1,0
France,1966,9/11/66,Atmospheric,1,110
France,1966,9/24/66,Atmospheric,1,125
France,1967,6/27/67,Atmospheric,1,120
France,1967,6/5/67,Atmospheric,1,15
France,1967,7/2/67,Atmospheric,1,22
France,1968,7/15/68,Atmospheric,1,450
France,1968,7/7/68,Atmospheric,1,115
France,1968,8/24/68,Atmospheric,1,2600
France,1968,8/3/68,Atmospheric,1,150
France,1968,9/8/68,Atmospheric,1,1280
France,1970,5/15/70,Atmospheric,1,13
France,1970,5/22/70,Atmospheric,1,224
France,1970,5/30/70,Atmospheric,1,945
France,1970,6/24/70,Atmospheric,1,12
France,1970,7/27/70,Atmospheric,1,0.05
France,1970,7/3/70,Atmospheric,1,914
France,1970,8/2/70,Atmospheric,1,72
France,1970,8/6/70,Atmospheric,1,594
France,1971,6/12/71,Atmospheric,1,440
France,1971,6/5/71,Atmospheric,1,34
France,1971,7/4/71,Atmospheric,1,9
France,1971,8/14/71,Atmospheric,1,955
France,1971,8/8/71,Atmospheric,1,4
France,1972,6/25/72,Atmospheric,1,0.5
France,1972,6/30/72,Atmospheric,1,4
France,1972,7/27/72,Atmospheric,1,6
France,1972,7/31/72,Atmospheric,1,0.001
France,1973,7/21/73,Atmospheric,1,11
France,1973,7/28/73,Atmospheric,1,0.05
France,1973,8/18/73,Atmospheric,1,4
France,1973,8/24/73,Atmospheric,1,0.2
France,1973,8/28/73,Atmospheric,1,6.6
France,1973,9/13/73,Atmospheric,1,0
France,1974,6/16/74,Atmospheric,1,4
France,1974,7/1/74,Atmospheric,1,0
France,1974,7/17/74,Atmospheric,1,4
France,1974,7/25/74,Atmospheric,1,8
France,1974,7/28/74,Atmospheric,1,0.001
France,1974,7/7/74,Atmospheric,1,150
France,1974,8/14/74,Atmospheric,1,96
France,1974,8/24/74,Atmospheric,1,14
France,1974,9/14/74,Atmospheric,1,332
France,1975,11/26/75,Underground,1,5
France,1975,6/5/75,Underground,1,5
France,1976,10/30/76,Underground,1,1
France,1976,12/5/76,Underground,1,1
France,1976,4/3/76,Underground,1,1
France,1976,7/11/76,Underground,1,12
France,1976,7/22/76,Underground,1,0
France,1977,11/12/77,Underground,1,5
France,1977,11/24/77,Underground,1,50
France,1977,12/17/77,Underground,1,5
France,1977,2/19/77,Underground,1,5
France,1977,3/19/77,Underground,1,47
France,1977,4/2/77,Underground,1,1
France,1977,6/28/77,Underground,1,0
France,1977,7/12/77,Underground,1,0
France,1977,7/6/77,Underground,1,20
France,1978,11/14/78,Underground,1,0
France,1978,11/2/78,Underground,1,3
France,1978,11/30/78,Underground,1,64
France,1978,12/17/78,Underground,1,5
France,1978,12/19/78,Underground,1,12
France,1978,2/27/78,Underground,1,1
France,1978,3/22/78,Underground,1,5
France,1978,3/25/78,Underground,1,1
France,1978,7/1/78,Underground,1,1
France,1978,7/19/78,Underground,1,5
France,1978,7/26/78,Underground,1,4
France,1979,11/19/79,Underground,1,1
France,1979,11/22/79,Underground,1,4
France,1979,3/1/79,Underground,1,8
France,1979,3/24/79,Underground,1,8
France,1979,3/9/79,Underground,1,14
France,1979,4/4/79,Underground,1,6
France,1979,6/18/79,Underground,1,5
France,1979,6/29/79,Underground,1,28
France,1979,7/25/79,Underground,1,112
France,1979,7/28/79,Underground,1,5
France,1980,11/25/80,Underground,1,2
France,1980,12/3/80,Underground,1,51
France,1980,2/23/80,Underground,1,2
France,1980,3/23/80,Underground,1,80
France,1980,3/3/80,Underground,1,5
France,1980,4/1/80,Underground,1,18
France,1980,4/4/80,Underground,1,5
France,1980,6/16/80,Underground,1,26
France,1980,6/21/80,Underground,1,9
France,1980,7/19/80,Underground,1,80
France,1980,7/6/80,Underground,1,5
France,1980,7/9/80,Underground,1,0
France,1981,11/11/81,Underground,1,5
France,1981,11/6/81,Underground,1,1
France,1981,12/5/81,Underground,1,5
France,1981,12/8/81,Underground,1,15
France,1981,2/27/81,Underground,1,5
France,1981,3/28/81,Underground,1,5
France,1981,3/6/81,Underground,1,2
France,1981,4/10/81,Underground,1,8
France,1981,7/11/81,Underground,1,5
France,1981,7/18/81,Underground,1,2
France,1981,7/8/81,Underground,1,20
France,1981,8/3/81,Underground,1,20
France,1982,11/27/82,Underground,1,0.5
France,1982,2/20/82,Underground,1,3
France,1982,2/24/82,Underground,1,1
France,1982,3/20/82,Underground,1,17
France,1982,3/23/82,Underground,1,0.5
France,1982,3/31/82,Underground,1,0
France,1982,6/27/82,Underground,1,2
France,1982,7/1/82,Underground,1,20
France,1982,7/21/82,Underground,1,2
France,1982,7/25/82,Underground,1,56
France,1983,12/3/83,Underground,1,4
France,1983,12/7/83,Underground,1,15
France,1983,4/19/83,Underground,1,40
France,1983,4/25/83,Underground,1,0.25
France,1983,5/25/83,Underground,1,42
France,1983,6/18/83,Underground,1,3
France,1983,6/28/83,Underground,1,20
France,1983,7/20/83,Underground,1,10
France,1983,8/4/83,Underground,1,20
France,1984,10/27/84,Underground,1,5
France,1984,11/2/84,Underground,1,34
France,1984,12/1/84,Underground,1,0.5
France,1984,12/6/84,Underground,1,53
France,1984,5/12/84,Underground,1,56
France,1984,5/8/84,Underground,1,5
France,1984,6/12/84,Underground,1,5
France,1984,6/16/84,Underground,1,34
France,1985,10/24/85,Underground,1,2
France,1985,10/26/85,Underground,1,20
France,1985,11/24/85,Underground,1,5
France,1985,11/26/85,Underground,1,54
France,1985,4/30/85,Underground,1,13
France,1985,5/8/85,Underground,1,80
France,1985,6/3/85,Underground,1,11
France,1985,6/7/85,Underground,1,5
France,1986,11/10/86,Underground,1,5
France,1986,11/12/86,Underground,1,20
France,1986,12/10/86,Underground,1,32
France,1986,12/6/86,Underground,1,5
France,1986,4/26/86,Underground,1,5
France,1986,5/27/86,Underground,1,5
France,1986,5/30/86,Underground,1,30
France,1986,5/6/86,Underground,1,5
France,1987,10/23/87,Underground,1,51
France,1987,11/19/87,Underground,1,62
France,1987,11/29/87,Underground,1,5
France,1987,11/5/87,Underground,1,18
France,1987,5/20/87,Underground,1,30
France,1987,5/5/87,Underground,1,5
France,1987,6/21/87,Underground,1,20
France,1987,6/6/87,Underground,1,5
France,1988,10/25/88,Underground,1,2
France,1988,11/23/88,Underground,1,45
France,1988,11/30/88,Underground,1,103
France,1988,11/5/88,Underground,1,47
France,1988,5/11/88,Underground,1,20
France,1988,5/25/88,Underground,1,80
France,1988,6/16/88,Underground,1,5
France,1988,6/23/88,Underground,1,20
France,1989,10/24/89,Underground,1,24
France,1989,10/31/89,Underground,1,20
France,1989,11/20/89,Underground,1,20
France,1989,11/25/89,Underground,1,0
France,1989,11/27/89,Underground,1,87
France,1989,5/11/89,Underground,1,16
France,1989,5/20/89,Underground,1,2
France,1989,6/10/89,Underground,1,80
France,1989,6/3/89,Underground,1,20
France,1990,11/14/90,Underground,1,118
France,1990,11/21/90,Underground,1,36
France,1990,6/2/90,Underground,1,20
France,1990,6/26/90,Underground,1,100
France,1990,6/7/90,Underground,1,5
France,1990,7/4/90,Underground,1,18
France,1991,5/18/91,Underground,1,20
France,1991,5/29/91,Underground,1,106
France,1991,5/7/91,Underground,1,1
France,1991,6/14/91,Underground,1,28
France,1991,7/15/91,Underground,1,34
France,1991,7/5/91,Underground,1,0.3
France,1995,10/1/95,Underground,1,97
France,1995,10/27/95,Underground,1,39
France,1995,11/21/95,Underground,1,20
France,1995,12/27/95,Underground,1,21
France,1995,9/5/95,Underground,1,8
France,1996,1/27/96,Underground,1,46
China,1964,10/16/64,Atmospheric,1,22
China,1965,5/14/65,Atmospheric,1,35
China,1966,10/27/66,Atmospheric,1,12
China,1966,12/28/66,Atmospheric,1,300
China,1966,5/9/66,Atmospheric,1,250
China,1967,12/24/67,Atmospheric,1,20
China,1967,6/17/67,Atmospheric,1,3300
China,1968,12/27/68,Atmospheric,1,3000
China,1969,9/22/69,Underground,1,19.2
China,1969,9/29/69,Atmospheric,1,3000
China,1970,10/14/70,Atmospheric,1,3400
China,1971,11/18/71,Atmospheric,1,20
China,1972,1/7/72,Atmospheric,1,8
China,1972,3/18/72,Atmospheric,1,170
China,1973,6/27/73,Atmospheric,1,3000
China,1974,6/17/74,Atmospheric,1,1000
China,1975,10/27/75,Underground,1,2.5
China,1976,1/23/76,Atmospheric,1,20
China,1976,10/17/76,Underground,1,2.6
China,1976,11/17/76,Atmospheric,1,4000
China,1976,9/26/76,Atmospheric,1,200
China,1977,9/17/77,Atmospheric,1,20
China,1978,10/14/78,Underground,1,3.4
China,1978,12/14/78,Atmospheric,1,20
China,1978,3/15/78,Atmospheric,1,11
China,1979,2/2/79,Underground,1,1
China,1979,9/13/79,Underground,1,20
China,1980,10/16/80,Atmospheric,1,1000
China,1982,10/5/82,Underground,1,7
China,1983,10/6/83,Underground,1,100
China,1983,5/4/83,Underground,1,1
China,1984,10/3/84,Underground,1,70
China,1984,12/19/84,Underground,1,15
China,1987,6/5/87,Underground,1,250
China,1988,9/29/88,Underground,1,3
China,1990,5/26/90,Underground,1,65
China,1990,8/16/90,Underground,1,189
China,1992,11/2/92,Underground,1,1
China,1992,5/21/92,Underground,1,660
China,1992,9/25/92,Underground,1,8
China,1993,10/5/93,Underground,1,80
China,1994,10/7/94,Underground,1,90
China,1994,6/10/94,Underground,1,90
China,1995,5/15/95,Underground,1,95
China,1995,8/17/95,Underground,1,90
China,1996,6/8/96,Underground,2,50
China,1996,7/29/96,Underground,1,3
United Kingdom,1952,10/3/52,Atmospheric,1,25
United Kingdom,1953,10/14/53,Atmospheric,1,10
United Kingdom,1953,10/26/53,Atmospheric,1,8
United Kingdom,1956,10/11/56,Atmospheric,1,3
United Kingdom,1956,10/22/56,Atmospheric,1,10
United Kingdom,1956,10/4/56,Atmospheric,1,1.5
United Kingdom,1956,5/16/56,Atmospheric,1,15
United Kingdom,1956,6/19/56,Atmospheric,1,98
United Kingdom,1956,9/27/56,Atmospheric,1,15
United Kingdom,1957,10/9/57,Atmospheric,1,26.6
United Kingdom,1957,11/8/57,Atmospheric,1,1800
United Kingdom,1957,5/15/57,Atmospheric,1,300
United Kingdom,1957,5/31/57,Atmospheric,1,720
United Kingdom,1957,6/19/57,Atmospheric,1,200
United Kingdom,1957,9/14/57,Atmospheric,1,0.93
United Kingdom,1957,9/25/57,Atmospheric,1,6
United Kingdom,1958,4/28/58,Atmospheric,1,3000
United Kingdom,1958,8/22/58,Atmospheric,1,24
United Kingdom,1958,9/11/58,Atmospheric,1,800
United Kingdom,1958,9/2/58,Atmospheric,1,1000
United Kingdom,1958,9/23/58,Atmospheric,1,25
United Kingdom,1962,12/7/62,Underground,1,10
United Kingdom,1962,3/1/62,Underground,1,9.5
United Kingdom,1964,7/17/64,Underground,1,2
United Kingdom,1964,9/25/64,Underground,1,0
United Kingdom,1965,9/10/65,Underground,1,29
United Kingdom,1974,5/23/74,Underground,1,20
United Kingdom,1976,8/26/76,Underground,1,51
United Kingdom,1978,11/18/78,Underground,1,38
United Kingdom,1978,4/11/78,Underground,1,67
United Kingdom,1979,8/29/79,Underground,1,20
United Kingdom,1980,10/24/80,Underground,1,10
United Kingdom,1980,12/17/80,Underground,1,35
United Kingdom,1980,4/26/80,Underground,1,140
United Kingdom,1981,11/12/81,Underground,1,77
United Kingdom,1982,4/25/82,Underground,1,89
United Kingdom,1983,4/22/83,Underground,1,1.5
United Kingdom,1984,12/9/84,Underground,1,103
United Kingdom,1984,5/1/84,Underground,1,77
United Kingdom,1985,12/5/85,Underground,1,110
United Kingdom,1986,6/25/86,Underground,1,89
United Kingdom,1987,7/16/87,Underground,1,20
United Kingdom,1989,12/8/89,Underground,1,120
United Kingdom,1990,11/14/90,Underground,1,103
United Kingdom,1991,11/26/91,Underground,1,11
United States of America,1945,7/16/45,Atmospheric,1,21
United States of America,1945,8/5/45,Atmospheric,1,15
United States of America,1945,8/9/45,Atmospheric,1,21
United States of America,1946,6/30/46,Atmospheric,1,21
United States of America,1946,7/24/46,Underwater,1,21
United States of America,1948,4/14/48,Atmospheric,1,37
United States of America,1948,4/30/48,Atmospheric,1,49
United States of America,1948,5/14/48,Atmospheric,1,18
United States of America,1951,1/27/51,Atmospheric,1,1
United States of America,1951,1/28/51,Atmospheric,1,8
United States of America,1951,10/22/51,Atmospheric,1,0.05
United States of America,1951,10/28/51,Atmospheric,1,3.5
United States of America,1951,10/30/51,Atmospheric,1,14
United States of America,1951,11/1/51,Atmospheric,1,21
United States of America,1951,11/19/51,Atmospheric,1,1.2
United States of America,1951,11/29/51,Crater,1,1.2
United States of America,1951,11/5/51,Atmospheric,1,31
United States of America,1951,2/1/51,Atmospheric,1,1
United States of America,1951,2/2/51,Atmospheric,1,8
United States of America,1951,2/6/51,Atmospheric,1,22
United States of America,1951,4/20/51,Atmospheric,1,47
United States of America,1951,4/7/51,Atmospheric,1,81
United States of America,1951,5/24/51,Atmospheric,1,45.5
United States of America,1951,5/8/51,Atmospheric,1,225
United States of America,1952,10/31/52,Atmospheric,1,10400
United States of America,1952,11/15/52,Atmospheric,1,500
United States of America,1952,4/1/52,Atmospheric,1,1
United States of America,1952,4/15/52,Atmospheric,1,1
United States of America,1952,4/22/52,Atmospheric,1,31
United States of America,1952,5/1/52,Atmospheric,1,19
United States of America,1952,5/25/52,Atmospheric,1,11
United States of America,1952,5/7/52,Atmospheric,1,12
United States of America,1952,6/1/52,Atmospheric,1,15
United States of America,1952,6/5/52,Atmospheric,1,14
United States of America,1953,3/17/53,Underwater,1,16
United States of America,1953,3/24/53,Atmospheric,1,24
United States of America,1953,3/31/53,Atmospheric,1,0.2
United States of America,1953,4/11/53,Atmospheric,1,0.2
United States of America,1953,4/18/53,Atmospheric,1,23
United States of America,1953,4/25/53,Atmospheric,1,43
United States of America,1953,4/6/53,Atmospheric,1,11
United States of America,1953,5/19/53,Atmospheric,1,32
United States of America,1953,5/25/53,Atmospheric,1,15
United States of America,1953,5/8/53,Atmospheric,1,27
United States of America,1953,6/4/53,Atmospheric,1,61
United States of America,1954,2/28/54,Atmospheric,1,15000
United States of America,1954,3/26/54,Atmospheric,1,11000
United States of America,1954,4/25/54,Atmospheric,1,6900
United States of America,1954,4/6/54,Atmospheric,1,110
United States of America,1954,5/13/54,Atmospheric,1,1690
United States of America,1954,5/4/54,Atmospheric,1,13500
United States of America,1955,11/1/55,Atmospheric,1,0
United States of America,1955,11/3/55,Atmospheric,1,0
United States of America,1955,11/5/55,Atmospheric,1,0
United States of America,1955,2/18/55,Atmospheric,1,1
United States of America,1955,2/22/55,Atmospheric,1,2
United States of America,1955,3/1/55,Atmospheric,1,7
United States of America,1955,3/12/55,Atmospheric,1,4
United States of America,1955,3/22/55,Atmospheric,1,8
United States of America,1955,3/23/55,Crater,1,1
United States of America,1955,3/29/55,Atmospheric,2,17
United States of America,1955,3/7/55,Atmospheric,1,43
United States of America,1955,4/15/55,Atmospheric,1,22
United States of America,1955,4/6/55,Atmospheric,1,3
United States of America,1955,4/9/55,Atmospheric,1,2
United States of America,1955,5/14/55,Underwater,1,30
United States of America,1955,5/15/55,Atmospheric,1,28
United States of America,1955,5/5/55,Atmospheric,1,29
United States of America,1956,1/18/56,Atmospheric,1,0.01
United States of America,1956,5/20/56,Atmospheric,1,3800
United States of America,1956,5/27/56,Atmospheric,2,3500.19
United States of America,1956,5/30/56,Atmospheric,1,14.9
United States of America,1956,5/4/56,Atmospheric,1,40
United States of America,1956,6/11/56,Atmospheric,2,373
United States of America,1956,6/13/56,Atmospheric,1,1.49
United States of America,1956,6/16/56,Atmospheric,1,1.7
United States of America,1956,6/21/56,Atmospheric,1,15.2
United States of America,1956,6/25/56,Atmospheric,1,1100
United States of America,1956,6/6/56,Atmospheric,1,13.7
United States of America,1956,7/10/56,Atmospheric,1,4500
United States of America,1956,7/2/56,Atmospheric,1,360
United States of America,1956,7/20/56,Atmospheric,1,5000
United States of America,1956,7/21/56,Atmospheric,1,250
United States of America,1956,7/8/56,Atmospheric,1,1850
United States of America,1957,10/7/57,Atmospheric,1,8
United States of America,1957,12/6/57,Underground,1,0.01
United States of America,1957,12/9/57,Atmospheric,1,0.5
United States of America,1957,4/24/57,Atmospheric,1,0
United States of America,1957,5/28/57,Atmospheric,1,12
United States of America,1957,6/18/57,Atmospheric,1,10
United States of America,1957,6/2/57,Atmospheric,1,0.14
United States of America,1957,6/24/57,Atmospheric,1,37
United States of America,1957,6/5/57,Atmospheric,1,0.0005
United States of America,1957,7/1/57,Atmospheric,1,0
United States of America,1957,7/15/57,Atmospheric,1,17
United States of America,1957,7/19/57,Atmospheric,1,2
United States of America,1957,7/24/57,Atmospheric,1,10
United States of America,1957,7/25/57,Atmospheric,1,9.7
United States of America,1957,7/26/57,Underground,1,0.01
United States of America,1957,7/5/57,Atmospheric,1,74
United States of America,1957,8/10/57,Underground,1,0
United States of America,1957,8/18/57,Atmospheric,1,17
United States of America,1957,8/23/57,Atmospheric,1,11
United States of America,1957,8/27/57,Underground,1,0.01
United States of America,1957,8/30/57,Atmospheric,1,4.7
United States of America,1957,8/31/57,Atmospheric,1,44
United States of America,1957,8/7/57,Atmospheric,1,19
United States of America,1957,9/14/57,Atmospheric,1,11
United States of America,1957,9/16/57,Atmospheric,1,12
United States of America,1957,9/19/57,Underground,1,1.7
United States of America,1957,9/2/57,Atmospheric,1,11
United States of America,1957,9/23/57,Atmospheric,1,19
United States of America,1957,9/28/57,Atmospheric,1,12
United States of America,1957,9/6/57,Atmospheric,2,0.497
United States of America,1957,9/8/57,Atmospheric,1,1
United States of America,1958,10/10/58,Atmospheric,1,0.079
United States of America,1958,10/13/58,Atmospheric,1,1.4
United States of America,1958,10/14/58,Underground,1,0.115
United States of America,1958,10/15/58,Atmospheric,1,0.0012
United States of America,1958,10/16/58,Atmospheric,1,0.037
United States of America,,,Underground,1,5
United States of America,1958,10/17/58,Atmospheric,1,0.024
United States of America,1958,10/18/58,Atmospheric,1,0.09
United States of America,1958,10/20/58,Underground,1,0
United States of America,1958,10/22/58,Atmospheric,4,6.303
United States of America,1958,10/24/58,Atmospheric,2,0.0227
United States of America,1958,10/26/58,Atmospheric,3,7.1007
United States of America,1958,10/27/58,Atmospheric,1,0.0006
United States of America,1958,10/29/58,Atmospheric,2,0.0078
United States of America,,,Underground,1,0.055
United States of America,1958,10/30/58,Atmospheric,3,1.3002
United States of America,,,Underground,1,22
United States of America,1958,10/5/58,Atmospheric,1,0.077
United States of America,,,Underground,1,0.0055
United States of America,1958,10/8/58,Underground,1,0.072
United States of America,1958,2/22/58,Underground,1,0.0005
United States of America,1958,3/14/58,Underground,1,0.0005
United States of America,1958,4/28/58,Atmospheric,1,1.7
United States of America,1958,5/11/58,Atmospheric,2,1441
United States of America,1958,5/12/58,Atmospheric,1,1370
United States of America,1958,5/16/58,Underwater,1,9
United States of America,1958,5/20/58,Atmospheric,1,5.9
United States of America,1958,5/21/58,Atmospheric,1,25.1
United States of America,1958,5/26/58,Atmospheric,2,387
United States of America,1958,5/30/58,Atmospheric,1,11.6
United States of America,1958,5/31/58,Atmospheric,1,92
United States of America,1958,5/5/58,Atmospheric,1,18
United States of America,1958,6/10/58,Atmospheric,1,213
United States of America,1958,6/14/58,Atmospheric,2,1769
United States of America,1958,6/18/58,Atmospheric,1,11
United States of America,1958,6/2/58,Atmospheric,1,15
United States of America,1958,6/27/58,Atmospheric,2,1292
United States of America,1958,6/28/58,Atmospheric,1,8900
United States of America,1958,6/29/58,Atmospheric,1,14
United States of America,1958,6/8/58,Underwater,1,8
United States of America,1958,7/1/58,Atmospheric,1,5.2
United States of America,1958,7/12/58,Atmospheric,1,9300
United States of America,1958,7/14/58,Atmospheric,1,0
United States of America,1958,7/17/58,Atmospheric,1,255
United States of America,1958,7/2/58,Atmospheric,1,220
United States of America,1958,7/22/58,Atmospheric,2,267
United States of America,1958,7/26/58,Atmospheric,1,2000
United States of America,1958,7/5/58,Atmospheric,1,397
United States of America,1958,8/1/58,Atmospheric,1,3800
United States of America,1958,8/12/58,Atmospheric,1,3800
United States of America,1958,8/18/58,Atmospheric,1,0.02
United States of America,1958,8/27/58,Atmospheric,1,1.5
United States of America,1958,8/30/58,Atmospheric,1,1.5
United States of America,1958,8/6/58,Atmospheric,1,0
United States of America,1958,9/12/58,Underground,1,0.038
United States of America,1958,9/17/58,Underground,1,0.015
United States of America,1958,9/19/58,Atmospheric,1,0.083
United States of America,1958,9/21/58,Underground,1,0.0015
United States of America,1958,9/23/58,Underground,1,0.01
United States of America,1958,9/26/58,Underground,1,0.002
United States of America,1958,9/28/58,Underground,1,0.013
United States of America,1958,9/29/58,Atmospheric,1,2
United States of America,1958,9/6/58,Atmospheric,1,1.5
United States of America,1961,10/1/61,Underground,1,20
United States of America,1961,10/10/61,Underground,1,20
United States of America,1961,10/29/61,Underground,1,20
United States of America,1961,12/10/61,Underground,1,3
United States of America,1961,12/13/61,Underground,1,0.5
United States of America,1961,12/17/61,Underground,1,20
United States of America,1961,12/22/61,Underground,1,0.15
United States of America,1961,12/3/61,Underground,1,13.4
United States of America,1961,9/15/61,Underground,1,2.6
United States of America,1961,9/16/61,Underground,1,20
United States of America,1962,1/18/62,Underground,1,6.4
United States of America,1962,1/30/62,Underground,1,10
United States of America,1962,1/9/62,Underground,1,5.1
United States of America,1962,10/12/62,Underground,2,27
United States of America,1962,10/18/62,Atmospheric,1,1590
United States of America,,,Underground,1,20
United States of America,1962,10/19/62,Underground,1,12.5
United States of America,1962,10/2/62,Atmospheric,1,75
United States of America,1962,10/20/62,Atmospheric,1,20
United States of America,1962,10/26/62,Atmospheric,1,400
United States of America,1962,10/27/62,Atmospheric,1,800
United States of America,,,Underground,1,5
United States of America,1962,10/30/62,Atmospheric,1,8300
United States of America,1962,10/5/62,Underground,1,115
United States of America,1962,10/6/62,Atmospheric,1,11.3
United States of America,1962,11/1/62,Atmospheric,1,400
United States of America,1962,11/15/62,Underground,1,20
United States of America,1962,11/27/62,Underground,1,5.2
United States of America,1962,11/4/62,Atmospheric,1,20
United States of America,1962,11/9/62,Underground,1,20
United States of America,1962,12/12/62,Underground,2,31
United States of America,1962,12/14/62,Underground,1,20
United States of America,1962,12/4/62,Underground,1,20
United States of America,1962,2/15/62,Underground,1,5.7
United States of America,1962,2/19/62,Underground,2,3.9
United States of America,1962,2/23/62,Underground,1,11.9
United States of America,1962,2/24/62,Crater,1,20
United States of America,1962,2/8/62,Underground,1,3.07
United States of America,1962,2/9/62,Underground,1,7.1
United States of America,1962,3/15/62,Underground,1,8
United States of America,1962,3/28/62,Underground,1,3.4
United States of America,1962,3/31/62,Underground,1,2
United States of America,1962,3/5/62,Underground,1,0.43
United States of America,1962,3/6/62,Underground,1,20
United States of America,1962,3/8/62,Underground,1,8.4
United States of America,1962,4/12/62,Underground,1,1
United States of America,1962,4/14/62,Underground,1,1.85
United States of America,1962,4/21/62,Underground,1,3
United States of America,1962,4/25/62,Atmospheric,1,190
United States of America,1962,4/27/62,Atmospheric,1,410
United States of America,,,Underground,1,5
United States of America,1962,4/5/62,Underground,1,10.6
United States of America,1962,4/6/62,Underground,1,9
United States of America,1962,5/10/62,Underground,1,20
United States of America,1962,5/11/62,Atmospheric,1,50
United States of America,,,Underwater,1,20
United States of America,1962,5/12/62,Atmospheric,1,500
United States of America,,,Underground,1,40
United States of America,1962,5/14/62,Atmospheric,1,97
United States of America,1962,5/19/62,Atmospheric,1,73
United States of America,,,Underground,1,4.5
United States of America,1962,5/2/62,Atmospheric,1,1090
United States of America,1962,5/25/62,Atmospheric,1,2.6
United States of America,,,Underground,1,8
United States of America,1962,5/27/62,Atmospheric,1,43
United States of America,1962,5/4/62,Atmospheric,1,670
United States of America,1962,5/6/62,Atmospheric,1,600
United States of America,1962,5/7/62,Underground,1,8
United States of America,1962,5/8/62,Atmospheric,1,100
United States of America,1962,5/9/62,Atmospheric,1,100
United States of America,1962,6/1/62,Underground,1,3
United States of America,1962,6/10/62,Atmospheric,1,3000
United States of America,1962,6/12/62,Atmospheric,1,1200
United States of America,1962,6/13/62,Underground,1,2.9
United States of America,1962,6/15/62,Atmospheric,1,800
United States of America,1962,6/17/62,Atmospheric,1,52
United States of America,1962,6/19/62,Atmospheric,1,2.2
United States of America,1962,6/21/62,Underground,1,11
United States of America,1962,6/22/62,Atmospheric,1,81.5
United States of America,1962,6/27/62,Atmospheric,1,7650
United States of America,,,Underground,1,67
United States of America,1962,6/28/62,Underground,1,20
United States of America,1962,6/30/62,Atmospheric,1,1270
United States of America,,,Underground,1,4
United States of America,1962,6/6/62,Underground,1,13
United States of America,1962,6/8/62,Atmospheric,1,782
United States of America,1962,6/9/62,Atmospheric,1,210
United States of America,1962,7/10/62,Atmospheric,1,1000
United States of America,1962,7/11/62,Atmospheric,1,3880
United States of America,,,Crater,1,0.5
United States of America,1962,7/13/62,Underground,1,20
United States of America,1962,7/14/62,Atmospheric,1,0.6
United States of America,1962,7/17/62,Atmospheric,1,20
United States of America,1962,7/27/62,Underground,1,3.5
United States of America,1962,7/6/62,Crater,1,104
United States of America,1962,7/7/62,Atmospheric,1,20
United States of America,1962,7/9/62,Atmospheric,1,1400
United States of America,1962,8/24/62,Underground,2,7.5
United States of America,1962,9/14/62,Underground,1,5
United States of America,1962,9/20/62,Underground,1,11
United States of America,1962,9/29/62,Underground,1,1
United States of America,1962,9/6/62,Underground,1,2
United States of America,1963,10/11/63,Underground,2,8.38
United States of America,1963,10/16/63,Underground,1,60
United States of America,1963,10/17/63,Underground,1,20
United States of America,1963,10/26/63,Underground,1,12
United States of America,1963,11/14/63,Underground,1,9
United States of America,1963,11/15/63,Underground,1,2
United States of America,1963,11/22/63,Underground,1,20
United States of America,1963,12/12/63,Underground,1,5.3
United States of America,1963,12/20/63,Underground,1,20
United States of America,1963,12/4/63,Underground,2,28
United States of America,1963,2/15/63,Underground,1,20
United States of America,1963,2/21/63,Underground,2,23
United States of America,1963,2/8/63,Underground,4,55
United States of America,1963,3/1/63,Underground,1,20
United States of America,1963,3/15/63,Underground,1,20
United States of America,1963,3/29/63,Underground,1,11
United States of America,1963,4/10/63,Underground,1,20
United States of America,1963,4/11/63,Underground,1,6
United States of America,1963,4/24/63,Underground,2,40
United States of America,1963,4/5/63,Underground,1,7
United States of America,1963,5/15/63,Atmospheric,1,0
United States of America,1963,5/17/63,Underground,2,40
United States of America,1963,5/22/63,Underground,1,20
United States of America,1963,5/25/63,Atmospheric,1,0
United States of America,1963,5/29/63,Underground,1,2
United States of America,1963,5/31/63,Atmospheric,1,0
United States of America,1963,5/9/63,Underground,1,8
United States of America,1963,6/14/63,Underground,1,3
United States of America,1963,6/25/63,Underground,1,4
United States of America,1963,6/5/63,Underground,1,3.1
United States of America,1963,6/6/63,Underground,2,23
United States of America,1963,6/9/63,Atmospheric,1,0
United States of America,1963,8/12/63,Underground,1,8
United States of America,1963,8/15/63,Underground,1,3
United States of America,1963,8/23/63,Underground,2,40
United States of America,1963,9/13/63,Underground,2,250
United States of America,1963,9/27/63,Underground,2,0.16
United States of America,1964,1/16/64,Underground,1,38
United States of America,1964,1/23/64,Underground,1,10.5
United States of America,1964,1/30/64,Underground,1,2
United States of America,1964,10/16/64,Underground,2,27
United States of America,1964,10/2/64,Underground,1,12
United States of America,1964,10/22/64,Underground,1,5.3
United States of America,1964,10/23/64,Underground,1,20
United States of America,1964,10/31/64,Underground,1,20
United States of America,1964,10/9/64,Underground,1,38
United States of America,1964,11/5/64,Underground,1,12
United States of America,1964,12/16/64,Underground,4,44
United States of America,1964,12/18/64,Underground,1,0.092
United States of America,1964,12/5/64,Underground,3,43.4
United States of America,1964,2/12/64,Underground,1,20
United States of America,1964,2/13/64,Underground,1,1.5
United States of America,1964,2/18/64,Underground,2,25
United States of America,1964,2/20/64,Underground,1,70
United States of America,1964,3/12/64,Underground,1,0.2
United States of America,1964,3/13/64,Underground,1,2
United States of America,1964,4/14/64,Underground,1,3
United States of America,1964,4/15/64,Underground,1,2
United States of America,1964,4/17/64,Underground,1,20
United States of America,1964,4/24/64,Underground,1,38
United States of America,1964,4/29/64,Underground,1,15
United States of America,1964,5/14/64,Underground,1,8
United States of America,1964,5/15/64,Underground,1,6
United States of America,1964,5/7/64,Underground,1,20
United States of America,1964,6/11/64,Underground,1,3
United States of America,1964,6/12/64,Underground,1,0.5
United States of America,1964,6/18/64,Underground,1,0.15
United States of America,1964,6/25/64,Underground,1,6
United States of America,1964,6/30/64,Underground,1,11.7
United States of America,1964,7/16/64,Underground,1,20
United States of America,1964,7/23/64,Underground,1,20
United States of America,1964,7/24/64,Underground,1,20
United States of America,1964,8/19/64,Underground,1,4.4
United States of America,1964,8/22/64,Underground,1,18
United States of America,1964,8/27/64,Underground,1,20
United States of America,1964,8/28/64,Underground,1,20
United States of America,1964,9/11/64,Underground,1,0.2
United States of America,1964,9/4/64,Underground,1,12
United States of America,1965,1/14/65,Underground,1,7
United States of America,1965,1/29/65,Underground,1,0.5
United States of America,1965,10/29/65,Underground,1,80
United States of America,1965,11/12/65,Underground,1,7
United States of America,1965,11/23/65,Underground,1,0.5
United States of America,1965,12/16/65,Underground,2,54
United States of America,1965,12/3/65,Underground,1,200
United States of America,1965,2/12/65,Underground,1,0.33
United States of America,1965,2/16/65,Underground,1,10.1
United States of America,1965,2/18/65,Underground,1,5
United States of America,1965,2/19/65,Underground,1,20
United States of America,1965,2/4/65,Underground,1,4
United States of America,1965,3/20/65,Underground,1,0.2
United States of America,1965,3/26/65,Underground,1,38
United States of America,1965,3/3/65,Underground,1,51
United States of America,1965,4/14/65,Crater,1,4.3
United States of America,1965,4/21/65,Underground,1,20
United States of America,1965,4/22/65,Underground,1,1
United States of America,1965,4/23/65,Underground,1,0.6
United States of America,1965,4/5/65,Underground,1,7
United States of America,1965,5/12/65,Underground,1,20
United States of America,1965,5/14/65,Underground,2,12.75
United States of America,1965,5/21/65,Underground,1,15
United States of America,1965,5/7/65,Underground,1,7
United States of America,1965,6/11/65,Underground,2,1.8
United States of America,1965,6/16/65,Underground,1,4
United States of America,1965,6/17/65,Underground,1,20
United States of America,1965,7/16/65,Underground,1,20
United States of America,1965,7/22/65,Underground,1,20
United States of America,1965,7/23/65,Underground,1,67
United States of America,1965,8/21/65,Underground,1,0.25
United States of America,1965,8/27/65,Underground,1,1
United States of America,1965,8/6/65,Underground,1,18
United States of America,1965,9/1/65,Underground,2,11.5
United States of America,1965,9/17/65,Underground,1,6
United States of America,1966,1/13/66,Underground,1,20
United States of America,1966,1/18/66,Underground,2,58
United States of America,1966,1/21/66,Underground,1,20
United States of America,1966,1/22/66,Underground,1,0.15
United States of America,1966,10/15/66,Underground,1,20
United States of America,1966,11/11/66,Underground,1,20
United States of America,1966,11/18/66,Underground,1,20
United States of America,1966,11/22/66,Underground,1,20
United States of America,1966,11/5/66,Underground,1,2.3
United States of America,1966,12/13/66,Underground,2,21
United States of America,1966,12/20/66,Underground,1,870
United States of America,1966,12/3/66,Underground,1,0.38
United States of America,1966,2/24/66,Underground,1,19
United States of America,1966,2/3/66,Underground,1,20
United States of America,1966,3/12/66,Underground,1,20
United States of America,1966,3/18/66,Underground,1,20
United States of America,1966,3/24/66,Underground,1,0.37
United States of America,1966,3/5/66,Underground,1,2
United States of America,1966,3/7/66,Underground,2,40
United States of America,1966,4/1/66,Underground,1,20
United States of America,1966,4/14/66,Underground,1,70
United States of America,1966,4/23/66,Underground,1,1.4
United States of America,1966,4/25/66,Underground,1,20
United States of America,1966,4/29/66,Underground,1,20
United States of America,1966,4/6/66,Underground,1,20
United States of America,1966,4/7/66,Underground,1,20
United States of America,1966,5/12/66,Underground,1,10
United States of America,1966,5/13/66,Underground,1,120
United States of America,1966,5/19/66,Underground,1,200
United States of America,1966,5/27/66,Underground,1,22
United States of America,1966,5/4/66,Underground,1,20
United States of America,1966,5/5/66,Underground,1,12
United States of America,1966,5/6/66,Underground,1,73
United States of America,1966,6/10/66,Underground,1,20
United States of America,1966,6/15/66,Underground,2,220
United States of America,1966,6/2/66,Underground,1,62
United States of America,1966,6/25/66,Underground,1,25
United States of America,1966,6/3/66,Underground,1,160
United States of America,1966,6/30/66,Underground,1,365
United States of America,1966,7/28/66,Underground,1,1.2
United States of America,1966,8/10/66,Underground,1,1
United States of America,1966,8/12/66,Underground,1,20
United States of America,1966,9/12/66,Underground,1,7.8
United States of America,1966,9/23/66,Underground,1,20
United States of America,1966,9/29/66,Underground,1,20
United States of America,1967,1/18/67,Underground,1,0.15
United States of America,1967,1/19/67,Underground,1,39
United States of America,1967,1/20/67,Underground,1,41
United States of America,1967,1/26/67,Underground,1,0.8
United States of America,1967,10/18/67,Underground,1,160
United States of America,1967,10/25/67,Underground,3,49
United States of America,1967,11/8/67,Underground,1,20
United States of America,1967,12/10/67,Underground,1,29
United States of America,1967,12/15/67,Underground,1,2
United States of America,1967,12/6/67,Underground,1,0.2
United States of America,1967,2/23/67,Underground,2,204
United States of America,1967,2/8/67,Underground,1,11
United States of America,1967,3/10/67,Underground,1,20
United States of America,1967,3/2/67,Underground,1,2.5
United States of America,1967,3/3/67,Underground,1,0.6
United States of America,1967,4/21/67,Underground,1,7
United States of America,1967,4/27/67,Underground,1,0.8
United States of America,1967,4/4/67,Underground,1,20
United States of America,1967,4/6/67,Underground,1,20
United States of America,1967,4/7/67,Underground,1,1
United States of America,1967,5/10/67,Underground,1,22
United States of America,1967,5/20/67,Underground,1,250
United States of America,1967,5/23/67,Underground,1,155
United States of America,1967,5/26/67,Underground,2,96
United States of America,1967,6/22/67,Underground,1,3.1
United States of America,1967,6/26/67,Underground,1,20
United States of America,1967,6/29/67,Underground,1,10
United States of America,1967,7/14/67,Underground,1,20
United States of America,1967,7/27/67,Underground,1,22
United States of America,1967,8/10/67,Underground,1,20
United States of America,1967,8/18/67,Underground,1,18
United States of America,1967,8/24/67,Underground,1,0.8
United States of America,1967,8/31/67,Underground,1,20
United States of America,1967,8/4/67,Underground,1,1.5
United States of America,1967,9/15/67,Underground,1,20
United States of America,1967,9/21/67,Underground,1,2.2
United States of America,1967,9/27/67,Underground,1,160
United States of America,1967,9/7/67,Underground,1,22
United States of America,1968,1/18/68,Underground,1,7.4
United States of America,1968,1/19/68,Underground,2,1050
United States of America,1968,1/24/68,Underground,1,20
United States of America,1968,1/26/68,Crater,1,2.3
United States of America,1968,1/31/68,Underground,1,4
United States of America,1968,10/10/68,Underground,1,1
United States of America,1968,10/29/68,Underground,1,0.25
United States of America,1968,10/3/68,Underground,2,23
United States of America,1968,10/31/68,Underground,3,28
United States of America,1968,11/15/68,Underground,2,9
United States of America,1968,11/20/68,Underground,1,16
United States of America,1968,11/22/68,Underground,1,3
United States of America,1968,11/4/68,Underground,3,62
United States of America,1968,12/12/68,Underground,8,54
United States of America,1968,12/19/68,Underground,1,1150
United States of America,1968,12/8/68,Crater,1,30
United States of America,1968,2/21/68,Underground,2,220
United States of America,1968,2/29/68,Underground,1,20
United States of America,1968,3/12/68,Crater,5,5.4
United States of America,1968,3/14/68,Underground,1,1.5
United States of America,1968,3/22/68,Underground,1,120
United States of America,1968,3/25/68,Underground,1,10
United States of America,1968,3/5/68,Underground,1,20
United States of America,1968,4/10/68,Underground,2,22
United States of America,1968,4/18/68,Underground,1,20
United States of America,1968,4/23/68,Underground,1,6
United States of America,1968,4/26/68,Underground,1,1300
United States of America,1968,4/4/68,Underground,1,20
United States of America,1968,5/17/68,Underground,1,20
United States of America,1968,5/28/68,Underground,1,20
United States of America,1968,5/3/68,Underground,1,2
United States of America,1968,5/8/68,Underground,1,1
United States of America,1968,6/15/68,Underground,1,200
United States of America,1968,6/25/68,Underground,2,40
United States of America,1968,6/28/68,Underground,1,58
United States of America,1968,6/5/68,Underground,1,1.5
United States of America,1968,6/6/68,Underground,5,100
United States of America,1968,7/17/68,Underground,1,1.5
United States of America,1968,7/30/68,Underground,1,20
United States of America,1968,8/15/68,Underground,1,1
United States of America,1968,8/27/68,Underground,1,9
United States of America,1968,8/29/68,Underground,1,200
United States of America,1968,8/9/68,Underground,1,0.35
United States of America,1968,9/12/68,Underground,1,20
United States of America,1968,9/17/68,Underground,1,31
United States of America,1968,9/24/68,Underground,1,20
United States of America,1968,9/6/68,Underground,1,120
United States of America,1969,1/15/69,Underground,2,50
United States of America,1969,1/22/69,Underground,1,2
United States of America,1969,1/30/69,Underground,2,40
United States of America,1969,10/1/69,Underground,3,60
United States of America,1969,10/16/69,Underground,1,20
United States of America,1969,10/2/69,Underground,1,1000
United States of America,1969,10/29/69,Underground,6,137.7
United States of America,1969,10/8/69,Underground,1,200
United States of America,1969,11/13/69,Underground,1,1.7
United States of America,1969,11/21/69,Underground,2,42
United States of America,1969,12/10/69,Underground,6,49.5
United States of America,1969,12/17/69,Underground,2,105
United States of America,1969,12/18/69,Underground,2,238
United States of America,1969,12/5/69,Underground,1,20
United States of America,1969,2/12/69,Underground,1,15
United States of America,1969,2/4/69,Underground,2,20.6
United States of America,1969,3/18/69,Underground,2,20.8
United States of America,1969,3/20/69,Underground,1,10
United States of America,1969,3/21/69,Underground,1,26
United States of America,1969,4/24/69,Underground,2,20.8
United States of America,1969,4/30/69,Underground,2,89
United States of America,1969,5/15/69,Underground,1,2
United States of America,1969,5/27/69,Underground,3,62
United States of America,1969,5/7/69,Underground,1,90
United States of America,1969,6/12/69,Underground,1,10
United States of America,1969,6/26/69,Underground,2,5
United States of America,1969,7/16/69,Underground,2,140
United States of America,1969,8/14/69,Underground,2,2
United States of America,1969,8/27/69,Underground,2,30
United States of America,1969,9/10/69,Underground,1,40
United States of America,1969,9/12/69,Underground,1,5
United States of America,1969,9/16/69,Underground,1,800
United States of America,1969,9/20/69,Underground,2,1.8
United States of America,1970,1/23/70,Underground,3,48
United States of America,1970,1/30/70,Underground,1,20
United States of America,1970,10/13/70,Underground,3,23
United States of America,1970,10/14/70,Underground,1,89
United States of America,1970,10/28/70,Underground,3,48
United States of America,1970,11/19/70,Underground,1,2
United States of America,1970,11/5/70,Underground,1,20
United States of America,1970,12/16/70,Underground,6,145
United States of America,1970,12/17/70,Underground,1,220
United States of America,1970,12/18/70,Underground,1,10
United States of America,1970,12/3/70,Underground,2,20.1
United States of America,1970,2/11/70,Underground,1,12
United States of America,1970,2/25/70,Underground,1,51
United States of America,1970,2/26/70,Underground,3,120
United States of America,1970,2/4/70,Underground,2,217
United States of America,1970,2/5/70,Underground,1,25
United States of America,1970,3/19/70,Underground,1,6
United States of America,1970,3/23/70,Underground,1,89
United States of America,1970,3/26/70,Underground,1,1900
United States of America,1970,3/6/70,Underground,4,52.2
United States of America,1970,4/21/70,Underground,3,52.7
United States of America,1970,5/1/70,Underground,4,34
United States of America,1970,5/12/70,Underground,1,20
United States of America,1970,5/15/70,Underground,2,85
United States of America,1970,5/21/70,Underground,2,30
United States of America,1970,5/26/70,Underground,4,114.125
United States of America,1970,5/28/70,Underground,3,23.3
United States of America,1970,5/5/70,Underground,1,20
United States of America,1970,6/26/70,Underground,2,5.5
United States of America,1971,10/14/71,Underground,1,5
United States of America,1971,10/8/71,Underground,1,7
United States of America,1971,11/24/71,Underground,1,4
United States of America,1971,11/30/71,Underground,1,10
United States of America,1971,11/6/71,Underground,1,4800
United States of America,1971,12/14/71,Underground,3,40
United States of America,1971,6/16/71,Underground,1,18
United States of America,1971,6/23/71,Underground,2,40
United States of America,1971,6/24/71,Underground,1,38
United States of America,1971,6/29/71,Underground,1,20
United States of America,1971,7/1/71,Underground,1,20
United States of America,1971,7/21/71,Underground,1,0.25
United States of America,1971,7/8/71,Underground,1,83
United States of America,1971,7/9/71,Underground,1,0.25
United States of America,1971,8/18/71,Underground,1,67
United States of America,1971,8/4/71,Underground,1,20
United States of America,1971,8/5/71,Underground,2,40
United States of America,1971,8/6/71,Underground,1,20
United States of America,1971,9/22/71,Underground,4,60.5
United States of America,1971,9/29/71,Underground,2,24
United States of America,1972,1/5/72,Underground,1,20
United States of America,1972,11/17/72,Underground,2,40
United States of America,1972,11/9/72,Underground,2,1.2
United States of America,1972,12/12/72,Underground,1,0.2
United States of America,1972,12/14/72,Underground,1,20
United States of America,1972,12/21/72,Underground,3,240
United States of America,1972,2/17/72,Underground,1,3.5
United States of America,1972,2/3/72,Underground,1,2
United States of America,1972,3/23/72,Underground,1,4
United States of America,1972,3/30/72,Underground,2,28
United States of America,1972,4/19/72,Underground,2,28
United States of America,1972,5/11/72,Underground,1,0.5
United States of America,1972,5/17/72,Underground,1,8
United States of America,1972,5/19/72,Underground,1,12
United States of America,1972,5/2/72,Underground,1,19
United States of America,1972,6/28/72,Underground,3,26.6
United States of America,1972,6/7/72,Underground,1,0.8
United States of America,1972,7/20/72,Underground,1,21
United States of America,1972,7/25/72,Underground,1,1.5
United States of America,1972,8/9/72,Underground,3,60
United States of America,1972,9/21/72,Underground,1,160
United States of America,1972,9/26/72,Underground,1,15
United States of America,1973,10/12/73,Underground,1,8
United States of America,1973,10/2/73,Underground,2,21
United States of America,1973,11/28/73,Underground,1,5
United States of America,1973,12/12/73,Underground,1,5
United States of America,1973,12/13/73,Underground,1,20
United States of America,1973,12/19/73,Underground,2,20.3
United States of America,1973,2/14/73,Underground,1,20
United States of America,1973,3/23/73,Underground,1,0.2
United States of America,1973,3/8/73,Underground,1,67
United States of America,1973,4/25/73,Underground,2,17
United States of America,1973,4/26/73,Underground,2,90.5
United States of America,1973,4/5/73,Underground,1,20
United States of America,1973,5/17/73,Underground,3,99
United States of America,1973,5/24/73,Underground,2,17
United States of America,1973,5/9/73,Underground,1,20
United States of America,1973,6/21/73,Underground,1,58
United States of America,1973,6/28/73,Underground,2,24.005
United States of America,1973,6/5/73,Underground,1,18
United States of America,1973,6/6/73,Underground,1,250
United States of America,1974,1/10/74,Underground,3,60
United States of America,1974,10/17/74,Underground,1,20
United States of America,1974,10/28/74,Underground,1,20
United States of America,1974,11/2/74,Underground,1,20
United States of America,1974,11/26/74,Underground,1,20
United States of America,1974,12/16/74,Underground,1,4
United States of America,1974,2/27/74,Underground,1,150
United States of America,1974,3/14/74,Underground,1,20
United States of America,1974,4/12/74,Underground,1,20
United States of America,1974,4/23/74,Underground,1,0.5
United States of America,1974,5/1/74,Underground,1,20
United States of America,1974,5/22/74,Underground,1,2.5
United States of America,1974,5/8/74,Underground,1,20
United States of America,1974,6/19/74,Underground,1,20
United States of America,1974,6/6/74,Underground,1,4
United States of America,1974,7/10/74,Underground,1,150
United States of America,1974,7/18/74,Underground,2,22
United States of America,1974,8/14/74,Underground,1,5
United States of America,1974,8/30/74,Underground,1,160
United States of America,1974,9/25/74,Underground,1,5
United States of America,1974,9/26/74,Underground,2,100.2
United States of America,1975,10/24/75,Underground,1,15
United States of America,1975,10/28/75,Underground,1,1000
United States of America,1975,11/18/75,Underground,1,5
United States of America,1975,11/20/75,Underground,1,500
United States of America,1975,11/26/75,Underground,1,5
United States of America,1975,12/20/75,Underground,1,160
United States of America,1975,2/19/75,Underground,1,20
United States of America,1975,2/28/75,Underground,1,160
United States of America,1975,2/6/75,Underground,3,26.35
United States of America,1975,3/7/75,Underground,1,89
United States of America,1975,4/24/75,Underground,1,20
United States of America,1975,4/30/75,Underground,1,38
United States of America,1975,4/5/75,Underground,1,20
United States of America,1975,5/14/75,Underground,1,380
United States of America,1975,6/11/75,Underground,1,20
United States of America,1975,6/18/75,Underground,1,20
United States of America,1975,6/19/75,Underground,1,520
United States of America,1975,6/26/75,Underground,1,750
United States of America,1975,6/3/75,Underground,2,340
United States of America,1975,9/6/75,Underground,1,7
United States of America,1976,1/3/76,Underground,1,800
United States of America,1976,10/6/76,Underground,1,0.6
United States of America,1976,11/10/76,Underground,1,20
United States of America,1976,11/23/76,Underground,1,2
United States of America,1976,12/21/76,Underground,2,31
United States of America,1976,12/28/76,Underground,1,89
United States of America,1976,12/8/76,Underground,1,20
United States of America,1976,2/12/76,Underground,1,900
United States of America,1976,2/14/76,Underground,1,350
United States of America,1976,2/26/76,Underground,1,2.5
United States of America,1976,2/4/76,Underground,2,310
United States of America,1976,3/14/76,Underground,1,800
United States of America,1976,3/17/76,Underground,2,710
United States of America,1976,3/9/76,Underground,1,350
United States of America,1976,5/12/76,Underground,1,20
United States of America,1976,5/20/76,Underground,1,0.6
United States of America,1976,7/27/76,Underground,1,58
United States of America,1977,10/26/77,Underground,1,5
United States of America,1977,11/1/77,Underground,1,10
United States of America,1977,11/17/77,Underground,1,10
United States of America,1977,11/9/77,Underground,1,150
United States of America,1977,12/14/77,Underground,2,150.8
United States of America,1977,2/16/77,Underground,2,11
United States of America,1977,3/8/77,Underground,2,20.8
United States of America,1977,4/27/77,Underground,1,67
United States of America,1977,4/5/77,Underground,1,140
United States of America,1977,5/25/77,Underground,1,51
United States of America,1977,6/2/77,Underground,1,20
United States of America,1977,7/28/77,Underground,1,0.6
United States of America,1977,8/16/77,Underground,3,22.1
United States of America,1977,8/19/77,Underground,2,120.2
United States of America,1977,8/4/77,Underground,1,44
United States of America,1977,9/15/77,Underground,1,6
United States of America,1977,9/27/77,Underground,1,20
United States of America,1978,11/2/78,Underground,1,2.5
United States of America,1978,12/1/78,Underground,1,0.6
United States of America,1978,12/16/78,Underground,1,140
United States of America,1978,2/13/78,Underground,1,0.8
United States of America,1978,2/23/78,Underground,1,120
United States of America,1978,3/16/78,Underground,1,1.5
United States of America,1978,3/23/78,Underground,2,140
United States of America,1978,4/11/78,Underground,1,100
United States of America,1978,4/25/78,Underground,1,20
United States of America,1978,5/10/78,Underground,1,0
United States of America,1978,6/1/78,Underground,1,0.6
United States of America,1978,7/12/78,Underground,1,99
United States of America,1978,7/7/78,Underground,1,1.5
United States of America,1978,8/31/78,Underground,1,140
United States of America,1978,9/13/78,Underground,1,8
United States of America,1978,9/27/78,Underground,4,195.25
United States of America,1979,1/24/79,Underground,1,6
United States of America,1979,11/29/79,Underground,1,0.8
United States of America,1979,12/14/79,Underground,1,20
United States of America,1979,2/15/79,Underground,1,20
United States of America,1979,2/8/79,Underground,1,89
United States of America,1979,3/14/79,Underground,1,5
United States of America,1979,5/11/79,Underground,1,5
United States of America,1979,6/11/79,Underground,1,100
United States of America,1979,6/20/79,Underground,1,1.5
United States of America,1979,6/28/79,Underground,1,22
United States of America,1979,8/3/79,Underground,1,20
United States of America,1979,8/8/79,Underground,1,20
United States of America,1979,9/26/79,Underground,1,140
United States of America,1979,9/6/79,Underground,1,140
United States of America,1979,9/8/79,Underground,1,5
United States of America,1980,10/31/80,Underground,1,10
United States of America,1980,11/14/80,Underground,1,2
United States of America,1980,2/28/80,Underground,1,5
United States of America,1980,3/8/80,Underground,1,1
United States of America,1980,4/16/80,Underground,1,89
United States of America,1980,4/3/80,Underground,1,20
United States of America,1980,5/2/80,Underground,1,6
United States of America,1980,5/22/80,Underground,1,20
United States of America,1980,6/12/80,Underground,1,140
United States of America,1980,6/24/80,Underground,1,6
United States of America,1980,7/25/80,Underground,1,140
United States of America,1980,7/31/80,Underground,1,3.5
United States of America,1980,9/25/80,Underground,2,21.07
United States of America,1981,1/15/81,Underground,1,99
United States of America,1981,10/1/81,Underground,1,38
United States of America,1981,11/11/81,Underground,1,29
United States of America,1981,12/16/81,Underground,1,5
United States of America,1981,12/3/81,Underground,1,20
United States of America,1981,2/25/81,Underground,1,20
United States of America,1981,2/5/81,Underground,1,20
United States of America,1981,4/30/81,Underground,1,20
United States of America,1981,5/29/81,Underground,1,2.5
United States of America,1981,6/6/81,Underground,1,140
United States of America,1981,7/10/81,Underground,1,4
United States of America,1981,7/16/81,Underground,1,20
United States of America,1981,8/27/81,Underground,1,4
United States of America,1981,8/5/81,Underground,1,20
United States of America,1981,9/24/81,Underground,1,20
United States of America,1981,9/4/81,Underground,1,1
United States of America,1982,1/28/82,Underground,1,139
United States of America,1982,11/12/82,Underground,1,5
United States of America,1982,12/10/82,Underground,1,20
United States of America,1982,2/12/82,Underground,2,220
United States of America,1982,4/17/82,Underground,1,6
United States of America,1982,5/6/82,Underground,1,3.5
United States of America,1982,5/7/82,Underground,1,99
United States of America,1982,6/16/82,Underground,1,20
United States of America,1982,6/24/82,Underground,1,140
United States of America,1982,7/29/82,Underground,1,20
United States of America,1982,8/11/82,Underground,1,20
United States of America,1982,8/5/82,Underground,1,138
United States of America,1982,9/2/82,Underground,1,20
United States of America,1982,9/23/82,Underground,3,60
United States of America,1982,9/29/82,Underground,1,1
United States of America,1983,12/16/83,Underground,1,29
United States of America,1983,12/9/83,Underground,1,1.5
United States of America,1983,2/11/83,Underground,1,20
United States of America,1983,2/17/83,Underground,1,1.5
United States of America,1983,3/26/83,Underground,1,45
United States of America,1983,4/14/83,Underground,1,84
United States of America,1983,5/26/83,Underground,2,10
United States of America,1983,5/5/83,Underground,1,6
United States of America,1983,6/9/83,Underground,1,6
United States of America,1983,8/11/83,Underground,1,5
United States of America,1983,8/27/83,Underground,1,2
United States of America,1983,8/3/83,Underground,1,2.5
United States of America,1983,9/1/83,Underground,1,143
United States of America,1983,9/21/83,Underground,3,22.6
United States of America,1983,9/22/83,Underground,1,2
United States of America,1983,9/29/83,Underground,1,20
United States of America,1984,1/31/84,Underground,1,20
United States of America,1984,10/2/84,Underground,1,2.5
United States of America,1984,11/10/84,Underground,1,5
United States of America,1984,12/15/84,Underground,1,80
United States of America,1984,12/20/84,Underground,1,2.5
United States of America,1984,2/15/84,Underground,1,20
United States of America,1984,3/1/84,Underground,1,150
United States of America,1984,3/31/84,Underground,1,6
United States of America,1984,5/16/84,Underground,1,0.8
United States of America,1984,5/2/84,Underground,1,0.25
United States of America,1984,5/31/84,Underground,1,120
United States of America,1984,6/20/84,Underground,1,20
United States of America,1984,7/12/84,Underground,1,0.5
United States of America,1984,7/25/84,Underground,1,80
United States of America,1984,8/2/84,Underground,1,10
United States of America,1984,8/30/84,Underground,2,40
United States of America,1984,9/13/84,Underground,1,33
United States of America,1985,10/16/85,Underground,1,20
United States of America,1985,10/30/85,Underground,1,0.01
United States of America,1985,10/9/85,Underground,2,2.575
United States of America,1985,12/28/85,Underground,1,60
United States of America,1985,3/15/85,Underground,1,20
United States of America,1985,3/23/85,Underground,1,60
United States of America,1985,4/2/85,Underground,1,150
United States of America,1985,4/6/85,Underground,1,15
United States of America,1985,5/2/85,Underground,1,150
United States of America,1985,6/12/85,Underground,2,108
United States of America,1985,6/26/85,Underground,1,3.5
United States of America,1985,7/25/85,Underground,1,45
United States of America,1985,8/14/85,Underground,1,20
United States of America,1985,8/17/85,Underground,1,8
United States of America,1985,9/27/85,Underground,1,10
United States of America,1986,10/16/86,Underground,1,140
United States of America,1986,11/14/86,Underground,1,120
United States of America,1986,12/13/86,Underground,1,140
United States of America,1986,3/22/86,Underground,1,29
United States of America,1986,4/10/86,Underground,1,20
United States of America,1986,4/20/86,Underground,1,1.5
United States of America,1986,4/22/86,Underground,1,80
United States of America,1986,5/21/86,Underground,1,1
United States of America,1986,6/5/86,Underground,1,67
United States of America,1986,7/17/86,Underground,1,119
United States of America,1986,7/24/86,Underground,1,8
United States of America,1986,9/11/86,Underground,1,0.1
United States of America,1986,9/30/86,Underground,1,140
United States of America,1986,9/4/86,Underground,1,0.35
United States of America,1987,10/23/87,Underground,1,38
United States of America,1987,12/1/87,Underground,1,20
United States of America,1987,12/2/87,Underground,1,2
United States of America,1987,2/11/87,Underground,1,6
United States of America,1987,2/3/87,Underground,3,60
United States of America,1987,3/18/87,Underground,1,3.5
United States of America,1987,4/18/87,Underground,1,100
United States of America,1987,4/22/87,Underground,1,2.5
United States of America,1987,4/30/87,Underground,1,100
United States of America,1987,6/18/87,Underground,1,20
United States of America,1987,6/20/87,Underground,1,20
United States of America,1987,6/30/87,Underground,1,8
United States of America,1987,8/13/87,Underground,1,150
United States of America,1987,9/24/87,Underground,1,150
United States of America,1988,10/13/88,Underground,1,150
United States of America,1988,11/9/88,Underground,2,40
United States of America,1988,12/10/88,Underground,1,25
United States of America,1988,12/9/88,Underground,2,23
United States of America,1988,2/15/88,Underground,1,60
United States of America,1988,4/7/88,Underground,1,2
United States of America,1988,5/13/88,Underground,1,16
United States of America,1988,5/21/88,Underground,1,3.5
United States of America,1988,6/2/88,Underground,1,80
United States of America,1988,6/22/88,Underground,2,300
United States of America,1988,7/7/88,Underground,1,150
United States of America,1988,8/17/88,Underground,1,140
United States of America,1988,8/23/88,Underground,2,22
United States of America,1988,8/30/88,Underground,1,33
United States of America,1989,10/31/89,Underground,1,150
United States of America,1989,11/15/89,Underground,1,20
United States of America,1989,12/20/89,Underground,2,40
United States of America,1989,2/10/89,Underground,1,67
United States of America,1989,2/24/89,Underground,2,25
United States of America,1989,3/9/89,Underground,1,33
United States of America,1989,5/15/89,Underground,3,33
United States of America,1989,5/26/89,Underground,1,0.5
United States of America,1989,6/22/89,Underground,1,60
United States of America,1989,6/27/89,Underground,1,20
United States of America,1989,9/14/89,Underground,1,10
United States of America,1990,10/12/90,Underground,1,140
United States of America,1990,3/10/90,Underground,1,44
United States of America,1990,4/6/90,Underground,1,0.1
United States of America,1990,6/13/90,Underground,1,150
United States of America,1990,6/21/90,Underground,1,2
United States of America,1990,7/25/90,Underground,2,30
United States of America,1990,9/20/90,Underground,2,40
United States of America,1990,9/27/90,Underground,1,20
United States of America,1991,10/18/91,Underground,1,53
United States of America,1991,3/8/91,Underground,3,31.5
United States of America,1991,4/16/91,Underground,1,80
United States of America,1991,4/4/91,Underground,1,140
United States of America,1991,8/15/91,Underground,1,3
United States of America,1991,9/14/91,Underground,1,100
United States of America,1991,9/19/91,Underground,1,1.5
United States of America,1992,3/26/92,Underground,1,100
United States of America,1992,4/30/92,Underground,1,3
United States of America,1992,6/19/92,Underground,1,0.08
United States of America,1992,6/23/92,Underground,3,60
United States of America,1992,9/18/92,Underground,1,4
United States of America,1992,9/23/92,Underground,1,5
Russia,1949,8/29/49,Atmospheric,1,22
Russia,1950,//1950,Atmospheric,1,0
Russia,1951,10/18/51,Atmospheric,1,42
Russia,1951,9/24/51,Atmospheric,1,38.3
Russia,1953,8/12/53,Atmospheric,1,400
Russia,1953,8/23/53,Atmospheric,1,28
Russia,1953,9/10/53,Atmospheric,1,4.9
Russia,1953,9/3/53,Atmospheric,1,5.8
Russia,1953,9/8/53,Atmospheric,1,1.6
Russia,1954,10/1/54,Atmospheric,1,0.03
Russia,1954,10/19/54,Atmospheric,1,0.001
Russia,1954,10/23/54,Atmospheric,1,62
Russia,1954,10/26/54,Atmospheric,1,2.8
Russia,1954,10/3/54,Atmospheric,1,2
Russia,1954,10/30/54,Atmospheric,1,10
Russia,1954,10/5/54,Atmospheric,1,4
Russia,1954,10/8/54,Atmospheric,1,0.8
Russia,1954,9/14/54,Atmospheric,1,40
Russia,1954,9/29/54,Atmospheric,1,0.2
Russia,1955,11/22/55,Atmospheric,1,1600
Russia,1955,11/6/55,Atmospheric,1,250
Russia,1955,2/20/55,Atmospheric,1,0
Russia,1955,7/29/55,Atmospheric,1,1.3
Russia,1955,8/2/55,Atmospheric,1,12
Russia,1955,8/5/55,Atmospheric,1,1.2
Russia,1955,9/21/55,Atmospheric,1,0
Russia,,,Underwater,1,3.5
Russia,1956,11/17/56,Atmospheric,1,900
Russia,1956,12/14/56,Atmospheric,1,40
Russia,1956,2/2/56,Atmospheric,1,0.3
Russia,1956,3/16/56,Atmospheric,1,14
Russia,1956,3/25/56,Atmospheric,1,5.5
Russia,1956,8/24/56,Atmospheric,1,27
Russia,1956,8/30/56,Atmospheric,1,900
Russia,1956,9/10/56,Atmospheric,1,38
Russia,1956,9/2/56,Atmospheric,1,51
Russia,1957,1/19/57,Atmospheric,1,10
Russia,1957,10/10/57,Underwater,1,6
Russia,1957,10/6/57,Atmospheric,1,2900
Russia,1957,12/28/57,Atmospheric,1,12
Russia,1957,3/8/57,Atmospheric,1,19
Russia,1957,4/10/57,Atmospheric,1,680
Russia,1957,4/12/57,Atmospheric,1,22
Russia,1957,4/16/57,Atmospheric,1,320
Russia,1957,4/3/57,Atmospheric,1,42
Russia,1957,4/6/57,Atmospheric,1,57
Russia,1957,8/22/57,Atmospheric,1,520
Russia,1957,8/26/57,Atmospheric,1,0.1
Russia,1957,9/13/57,Atmospheric,1,5.9
Russia,1957,9/24/57,Atmospheric,1,1600
Russia,1957,9/26/57,Atmospheric,1,13
Russia,1957,9/7/57,Atmospheric,1,32
Russia,1958,1/17/58,Atmospheric,1,0.5
Russia,1958,1/4/58,Atmospheric,1,1.3
Russia,1958,10/10/58,Atmospheric,1,68
Russia,1958,10/12/58,Atmospheric,1,1450
Russia,1958,10/15/58,Atmospheric,1,1500
Russia,1958,10/18/58,Atmospheric,1,2900
Russia,1958,10/19/58,Atmospheric,2,40.001
Russia,1958,10/2/58,Atmospheric,2,330
Russia,1958,10/20/58,Atmospheric,1,440
Russia,1958,10/21/58,Atmospheric,1,2
Russia,1958,10/22/58,Atmospheric,1,2800
Russia,1958,10/24/58,Atmospheric,1,1000
Russia,1958,10/25/58,Atmospheric,2,190.05
Russia,1958,10/4/58,Atmospheric,1,9
Russia,1958,10/5/58,Atmospheric,1,15
Russia,1958,10/6/58,Atmospheric,1,5.5
Russia,1958,11/1/58,Atmospheric,1,10
Russia,1958,11/3/58,Atmospheric,1,10
Russia,1958,2/23/58,Atmospheric,1,860
Russia,1958,2/27/58,Atmospheric,2,1750
Russia,1958,3/13/58,Atmospheric,2,1.2
Russia,1958,3/14/58,Atmospheric,2,75
Russia,1958,3/15/58,Atmospheric,2,14
Russia,1958,3/18/58,Atmospheric,1,0.16
Russia,1958,3/20/58,Atmospheric,1,12
Russia,1958,3/21/58,Atmospheric,1,650
Russia,1958,3/22/58,Atmospheric,1,18
Russia,1958,9/30/58,Atmospheric,2,2100
Russia,1961,10/1/61,Atmospheric,1,3
Russia,1961,10/11/61,Underground,1,1
Russia,1961,10/12/61,Atmospheric,1,15
Russia,1961,10/17/61,Atmospheric,1,6.6
Russia,1961,10/19/61,Atmospheric,1,10
Russia,1961,10/2/61,Atmospheric,1,250
Russia,1961,10/20/61,Atmospheric,1,1450
Russia,1961,10/23/61,Atmospheric,1,12500
Russia,,,Underwater,1,4.8
Russia,1961,10/25/61,Atmospheric,2,300.5
Russia,1961,10/27/61,Atmospheric,3,18.4
Russia,1961,10/30/61,Atmospheric,2,58000.09
Russia,1961,10/31/61,Atmospheric,2,5400
Russia,1961,10/4/61,Atmospheric,2,3013
Russia,1961,10/6/61,Atmospheric,2,4040
Russia,1961,10/8/61,Atmospheric,1,15
Russia,1961,11/1/61,Atmospheric,1,2.7
Russia,1961,11/2/61,Atmospheric,3,400.6
Russia,1961,11/3/61,Atmospheric,2,0.901
Russia,1961,11/4/61,Atmospheric,4,1521.2
Russia,1961,9/1/61,Atmospheric,1,16
Russia,1961,9/10/61,Atmospheric,3,2712.88
Russia,1961,9/11/61,Atmospheric,1,0.3
Russia,1961,9/12/61,Atmospheric,1,1150
Russia,1961,9/13/61,Atmospheric,2,16
Russia,1961,9/14/61,Atmospheric,2,1200.4
Russia,1961,9/16/61,Atmospheric,1,830
Russia,1961,9/17/61,Atmospheric,1,21
Russia,1961,9/18/61,Atmospheric,3,1000.754
Russia,1961,9/19/61,Atmospheric,1,0.03
Russia,1961,9/20/61,Atmospheric,2,1504.8
Russia,1961,9/21/61,Atmospheric,1,0.8
Russia,1961,9/22/61,Atmospheric,1,260
Russia,1961,9/26/61,Atmospheric,1,1.2
Russia,1961,9/4/61,Atmospheric,1,9
Russia,1961,9/5/61,Atmospheric,1,16
Russia,1961,9/6/61,Atmospheric,2,11.6
Russia,1961,9/9/61,Atmospheric,1,0.38
Russia,1962,10/10/62,Atmospheric,1,9.2
Russia,1962,10/13/62,Atmospheric,1,4.9
Russia,1962,10/14/62,Atmospheric,1,10
Russia,1962,10/20/62,Atmospheric,1,6.7
Russia,1962,10/22/62,Atmospheric,2,8500
Russia,1962,10/27/62,Atmospheric,1,260
Russia,1962,10/28/62,Atmospheric,3,315.6
Russia,1962,10/29/62,Atmospheric,1,360
Russia,1962,10/30/62,Atmospheric,2,281.2
Russia,1962,10/31/62,Atmospheric,1,10
Russia,1962,10/7/62,Atmospheric,1,320
Russia,1962,10/9/62,Atmospheric,2,23
Russia,1962,11/1/62,Atmospheric,3,543
Russia,1962,11/11/62,Atmospheric,1,0.1
Russia,1962,11/13/62,Atmospheric,1,0.001
Russia,1962,11/14/62,Atmospheric,1,12
Russia,1962,11/17/62,Atmospheric,1,18
Russia,1962,11/24/62,Atmospheric,1,0.001
Russia,1962,11/26/62,Atmospheric,1,0.031
Russia,1962,11/3/62,Atmospheric,3,439.7
Russia,1962,11/4/62,Atmospheric,1,8.4
Russia,1962,11/5/62,Atmospheric,1,0.4
Russia,1962,12/1/62,Atmospheric,1,2.4
Russia,1962,12/18/62,Atmospheric,2,179
Russia,1962,12/20/62,Atmospheric,1,8.3
Russia,1962,12/22/62,Atmospheric,1,6.3
Russia,1962,12/23/62,Atmospheric,4,440.701
Russia,1962,12/24/62,Atmospheric,4,25300.035
Russia,1962,12/25/62,Atmospheric,2,3108.5
Russia,1962,2/2/62,Underground,1,15
Russia,1962,8/1/62,Atmospheric,1,2.4
Russia,1962,8/10/62,Atmospheric,1,400
Russia,1962,8/18/62,Atmospheric,2,13.2
Russia,1962,8/20/62,Atmospheric,1,2800
Russia,1962,8/21/62,Atmospheric,1,23
Russia,1962,8/22/62,Atmospheric,3,1609
Russia,1962,8/23/62,Atmospheric,1,2.5
Russia,1962,8/25/62,Atmospheric,2,10001
Russia,1962,8/27/62,Atmospheric,2,4211
Russia,1962,8/3/62,Atmospheric,1,1.6
Russia,1962,8/31/62,Atmospheric,1,2.7
Russia,1962,8/4/62,Atmospheric,1,3.8
Russia,1962,8/5/62,Atmospheric,1,21100
Russia,1962,8/7/62,Atmospheric,1,9.9
Russia,1962,9/15/62,Atmospheric,1,3100
Russia,1962,9/16/62,Atmospheric,1,3250
Russia,1962,9/18/62,Atmospheric,2,1360
Russia,1962,9/19/62,Atmospheric,1,10000
Russia,1962,9/2/62,Atmospheric,1,80
Russia,1962,9/21/62,Atmospheric,1,2400
Russia,1962,9/22/62,Atmospheric,1,0.21
Russia,1962,9/24/62,Atmospheric,1,1.2
Russia,1962,9/25/62,Atmospheric,2,19107
Russia,1962,9/27/62,Atmospheric,1,20000
Russia,1962,9/28/62,Atmospheric,1,1.3
Russia,1962,9/6/62,Atmospheric,1,0
Russia,1962,9/8/62,Atmospheric,1,1900
Russia,1964,10/25/64,Underground,1,20
Russia,1964,11/16/64,Underground,1,47
Russia,1964,3/15/64,Underground,1,37
Russia,1964,5/16/64,Underground,1,23.7
Russia,1964,6/6/64,Underground,1,1.6
Russia,1964,7/19/64,Underground,1,26
Russia,1964,8/18/64,Underground,1,0.07
Russia,1964,9/18/64,Underground,1,2
Russia,1964,9/30/64,Underground,1,20
Russia,1965,1/15/65,Underground,1,140
Russia,1965,10/14/65,Underground,1,1.1
Russia,1965,10/8/65,Underground,1,29
Russia,1965,11/21/65,Underground,1,29
Russia,1965,12/24/65,Underground,1,6.7
Russia,1965,2/4/65,Underground,1,44
Russia,1965,3/27/65,Underground,1,0.06
Russia,1965,3/3/65,Underground,1,27
Russia,1965,3/30/65,Underground,2,4.6
Russia,1965,5/11/65,Underground,1,14
Russia,1965,6/10/65,Underground,1,7.6
Russia,1965,6/17/65,Underground,1,24
Russia,1965,7/29/65,Underground,1,1.1
Russia,1965,9/17/65,Underground,1,15
Russia,1966,10/19/66,Underground,1,55
Russia,1966,10/27/66,Underground,2,1400
Russia,1966,10/29/66,Underground,1,20
Russia,1966,11/19/66,Underground,1,20
Russia,1966,12/18/66,Underground,1,100
Russia,1966,12/3/66,Underground,2,24.6
Russia,1966,2/13/66,Underground,1,125
Russia,1966,3/20/66,Underground,1,100
Russia,1966,4/21/66,Underground,1,22
Russia,1966,4/22/66,Underground,1,1.1
Russia,1966,5/7/66,Underground,1,4
Russia,1966,6/29/66,Underground,1,42
Russia,1966,7/21/66,Underground,1,24
Russia,1966,8/19/66,Underground,1,10
Russia,1966,8/5/66,Underground,1,32
Russia,1966,9/30/66,Underground,1,30
Russia,1966,9/7/66,Underground,1,4.6
Russia,1967,1/30/67,Underground,2,24.6
Russia,1967,10/17/67,Underground,2,65
Russia,1967,10/21/67,Underground,2,410
Russia,1967,10/30/67,Underground,1,25
Russia,1967,10/6/67,Underground,1,0.3
Russia,1967,11/22/67,Underground,1,1.6
Russia,1967,12/8/67,Underground,1,19
Russia,1967,2/26/67,Underground,1,130
Russia,1967,3/25/67,Underground,2,38
Russia,1967,4/20/67,Underground,1,37
Russia,1967,5/28/67,Underground,2,48
Russia,1967,6/29/67,Underground,1,20
Russia,1967,7/15/67,Underground,1,23
Russia,1967,8/4/67,Underground,2,39
Russia,1967,9/16/67,Underground,1,16
Russia,1967,9/2/67,Underground,1,0.7
Russia,1967,9/22/67,Underground,1,10
Russia,1968,1/7/68,Underground,1,7.5
Russia,1968,10/21/68,Underground,1,0.24
Russia,1968,10/29/68,Underground,1,20
Russia,1968,11/12/68,Underground,3,0.72
Russia,1968,11/7/68,Underground,3,330.001
Russia,1968,11/9/68,Underground,1,4
Russia,1968,12/18/68,Underground,1,8.9
Russia,1968,4/24/68,Underground,1,6.2
Russia,1968,5/21/68,Underground,1,47
Russia,1968,5/23/68,Underground,1,0.001
Russia,1968,6/11/68,Underground,1,15
Russia,1968,6/19/68,Underground,1,18
Russia,1968,7/1/68,Underground,1,27
Russia,1968,7/12/68,Underground,2,44
Russia,1968,8/20/68,Underground,2,4.601
Russia,1968,9/29/68,Underground,1,60
Russia,1968,9/5/68,Underground,1,32
Russia,1969,10/1/69,Underground,2,36
Russia,1969,10/14/69,Underground,3,3540
Russia,1969,10/30/69,Underground,1,20
Russia,1969,11/27/69,Underground,1,20
Russia,1969,11/30/69,Underground,1,125
Russia,1969,12/28/69,Underground,1,40
Russia,1969,12/29/69,Underground,1,10
Russia,1969,12/6/69,Underground,1,30
Russia,1969,3/7/69,Underground,1,49
Russia,1969,4/13/69,Underground,1,20
Russia,1969,4/4/69,Underground,1,20
Russia,1969,5/16/69,Underground,1,16
Russia,1969,5/31/69,Underground,1,18
Russia,1969,7/23/69,Underground,1,16
Russia,1969,7/4/69,Underground,2,35
Russia,1969,9/11/69,Underground,2,26.2
Russia,1969,9/2/69,Underground,1,7.6
Russia,1969,9/26/69,Underground,1,10
Russia,1969,9/8/69,Underground,1,7.6
Russia,1970,1/29/70,Underground,3,82
Russia,1970,10/14/70,Underground,3,5200
Russia,1970,11/4/70,Underground,1,27
Russia,1970,12/12/70,Underground,1,80
Russia,1970,12/17/70,Underground,1,26
Russia,1970,12/23/70,Underground,1,75
Russia,1970,2/18/70,Underground,1,0.001
Russia,1970,3/27/70,Underground,1,6.5
Russia,1970,5/27/70,Underground,1,0.9
Russia,1970,6/25/70,Underground,1,2.3
Russia,1970,6/28/70,Underground,3,128
Russia,1970,7/21/70,Underground,1,23
Russia,1970,7/24/70,Underground,1,20
Russia,1970,9/6/70,Underground,2,54
Russia,1971,1/29/71,Underground,1,1.8
Russia,1971,10/21/71,Underground,1,23
Russia,1971,10/22/71,Underground,1,15
Russia,1971,10/4/71,Underground,1,2.3
Russia,1971,10/9/71,Underground,1,12
Russia,1971,11/29/71,Underground,2,48
Russia,1971,12/15/71,Underground,1,6
Russia,1971,12/22/71,Underground,1,64
Russia,1971,12/30/71,Underground,2,200
Russia,1971,3/22/71,Underground,2,87
Russia,1971,3/23/71,Underground,3,45
Russia,1971,4/25/71,Underground,1,90
Russia,1971,4/9/71,Underground,1,0.23
Russia,1971,5/25/71,Underground,1,9
Russia,1971,6/19/71,Underground,1,35
Russia,1971,6/30/71,Underground,1,5
Russia,1971,6/6/71,Underground,1,16
Russia,1971,7/10/71,Underground,1,2.3
Russia,1971,7/2/71,Underground,1,2.3
Russia,1971,9/19/71,Underground,1,2.3
Russia,1971,9/27/71,Underground,4,6950
Russia,1972,10/3/72,Underground,1,6.6
Russia,1972,11/2/72,Underground,1,165
Russia,1972,11/24/72,Underground,2,8.9
Russia,1972,12/10/72,Underground,3,348
Russia,1972,12/28/72,Underground,1,20
Russia,1972,2/10/72,Underground,1,16
Russia,1972,3/10/72,Underground,2,48
Russia,1972,3/28/72,Underground,3,26.001
Russia,1972,4/11/72,Underground,1,15
Russia,1972,4/20/72,Underground,1,0.001
Russia,1972,6/7/72,Underground,2,45
Russia,1972,7/27/72,Underground,1,10
Russia,1972,7/6/72,Underground,1,1.5
Russia,1972,7/9/72,Underground,1,3.8
Russia,1972,8/16/72,Underground,1,8
Russia,1972,8/20/72,Underground,1,6.6
Russia,1972,8/26/72,Underground,1,21
Russia,1972,8/28/72,Underground,4,4270
Russia,1972,9/2/72,Underground,1,2
Russia,1972,9/21/72,Underground,1,2.3
Russia,1972,9/4/72,Underground,1,2.1
Russia,1973,10/26/73,Underground,2,25
Russia,1973,10/27/73,Underground,1,4000
Russia,1973,11/4/73,Underground,1,20
Russia,1973,12/14/73,Underground,1,80
Russia,1973,12/31/73,Underground,1,0.5
Russia,1973,2/16/73,Underground,1,42
Russia,1973,4/19/73,Underground,1,21
Russia,1973,7/10/73,Underground,3,40.001
Russia,1973,7/23/73,Underground,1,212
Russia,1973,8/15/73,Underground,1,6.3
Russia,1973,8/28/73,Underground,1,6.3
Russia,1973,9/12/73,Underground,4,8300
Russia,1973,9/19/73,Underground,1,6.3
Russia,1973,9/20/73,Underground,1,0.001
Russia,1973,9/27/73,Underground,1,180
Russia,1973,9/30/73,Underground,1,10
Russia,1974,1/30/74,Underground,3,50
Russia,1974,10/16/74,Underground,1,19
Russia,1974,10/2/74,Underground,1,1.7
Russia,1974,11/2/74,Underground,1,2300
Russia,1974,11/28/74,Underground,1,0.01
Russia,1974,12/16/74,Underground,2,10.5
Russia,1974,12/27/74,Underground,1,36
Russia,1974,12/7/74,Underground,1,1.7
Russia,1974,2/28/74,Underground,1,0.001
Russia,1974,4/16/74,Underground,1,1
Russia,1974,5/16/74,Underground,1,18
Russia,1974,5/31/74,Underground,1,71
Russia,1974,6/25/74,Underground,1,3.5
Russia,1974,7/10/74,Underground,1,18
Russia,1974,7/29/74,Underground,1,20
Russia,1974,7/8/74,Underground,1,10
Russia,1974,8/14/74,Underground,1,7.6
Russia,1974,8/29/74,Underground,6,4377.6
Russia,1974,9/13/74,Underground,1,14
Russia,1975,10/18/75,Underground,3,1800
Russia,1975,10/21/75,Underground,5,5950
Russia,1975,10/29/75,Underground,1,36
Russia,1975,10/5/75,Underground,1,0.2
Russia,1975,12/13/75,Underground,1,8
Russia,1975,12/25/75,Underground,1,59
Russia,1975,2/20/75,Underground,4,115
Russia,1975,3/11/75,Underground,1,24
Russia,1975,4/25/75,Underground,1,0.35
Russia,1975,4/27/75,Underground,1,29
Russia,1975,6/30/75,Underground,1,8
Russia,1975,6/8/75,Underground,1,32
Russia,1975,7/15/75,Underground,2,40
Russia,1975,8/12/75,Underground,1,7.6
Russia,1975,8/23/75,Underground,8,5940
Russia,1975,8/7/75,Underground,2,34
Russia,1975,9/29/75,Underground,1,7.6
Russia,1976,1/15/76,Underground,1,13
Russia,1976,10/20/76,Underground,4,53.001
Russia,1976,10/30/76,Underground,1,2.8
Russia,1976,11/23/76,Underground,1,74
Russia,1976,11/5/76,Underground,1,15
Russia,1976,12/30/76,Underground,2,30
Russia,1976,12/7/76,Underground,3,169
Russia,1976,3/17/76,Underground,1,20
Russia,1976,3/29/76,Underground,1,10
Russia,1976,4/10/76,Underground,1,0.1
Russia,1976,4/21/76,Underground,2,14
Russia,1976,5/19/76,Underground,1,3.7
Russia,1976,6/9/76,Underground,1,10
Russia,1976,7/23/76,Underground,1,7
Russia,1976,7/29/76,Underground,1,58
Russia,1976,7/4/76,Underground,1,65
Russia,1976,8/28/76,Underground,1,53
Russia,1976,8/4/76,Underground,1,0.9
Russia,1976,9/29/76,Underground,2,4280
Russia,1977,10/14/77,Underground,1,0.1
Russia,1977,10/29/77,Underground,3,112
Russia,1977,10/30/77,Underground,1,0.1
Russia,1977,10/9/77,Underground,1,5
Russia,1977,11/12/77,Underground,1,20
Russia,1977,11/27/77,Underground,1,20
Russia,1977,11/30/77,Underground,2,90
Russia,1977,12/26/77,Underground,5,66.001
Russia,1977,3/29/77,Underground,4,69.001
Russia,1977,4/25/77,Underground,1,10
Russia,1977,5/29/77,Underground,1,44
Russia,1977,6/29/77,Underground,1,9
Russia,1977,7/26/77,Underground,1,15
Russia,1977,7/30/77,Underground,2,31
Russia,1977,8/10/77,Underground,1,8.5
Russia,1977,8/17/77,Underground,1,8
Russia,1977,8/20/77,Underground,1,8.5
Russia,1977,9/1/77,Underground,4,290
Russia,1977,9/10/77,Underground,1,7.6
Russia,1977,9/30/77,Underground,1,10
Russia,1977,9/5/77,Underground,2,98
Russia,1978,10/15/78,Underground,1,12
Russia,1978,10/17/78,Underground,3,96
Russia,1978,10/31/78,Underground,1,16
Russia,1978,10/8/78,Underground,1,15
Russia,1978,11/29/78,Underground,3,231
Russia,1978,11/30/78,Underground,1,0.006
Russia,1978,11/4/78,Underground,2,64
Russia,1978,12/14/78,Underground,1,4
Russia,1978,12/18/78,Underground,1,103
Russia,1978,12/20/78,Underground,2,23.5
Russia,1978,3/19/78,Underground,1,13
Russia,1978,3/26/78,Underground,2,50
Russia,1978,4/22/78,Underground,3,60
Russia,1978,5/24/78,Underground,1,0.001
Russia,1978,5/29/78,Underground,1,3
Russia,1978,6/11/78,Underground,1,58
Russia,1978,6/2/78,Underground,1,0.001
Russia,1978,7/28/78,Underground,5,140
Russia,1978,7/5/78,Underground,1,87
Russia,1978,8/10/78,Underground,6,410
Russia,1978,8/24/78,Underground,1,22
Russia,1978,8/29/78,Underground,4,153.001
Russia,1978,8/9/78,Underground,1,22
Russia,1978,9/12/78,Underground,1,0.08
Russia,1978,9/15/78,Underground,1,81
Russia,1978,9/20/78,Underground,1,1.1
Russia,1978,9/21/78,Underground,1,15
Russia,1978,9/27/78,Underground,7,160.001
Russia,1979,1/10/79,Underground,1,0.5
Russia,1979,1/17/79,Underground,2,68
Russia,1979,10/18/79,Underground,6,375
Russia,1979,10/24/79,Underground,2,33
Russia,1979,10/28/79,Underground,2,270
Russia,1979,10/4/79,Underground,1,22
Russia,1979,10/7/79,Underground,1,15
Russia,1979,11/30/79,Underground,1,1.6
Russia,1979,12/2/79,Underground,2,243
Russia,1979,12/21/79,Underground,1,3.6
Russia,1979,12/23/79,Underground,2,157
Russia,1979,2/1/79,Underground,1,18
Russia,1979,2/16/79,Underground,2,43
Russia,1979,3/23/79,Underground,1,0.001
Russia,1979,4/10/79,Underground,1,0.001
Russia,1979,5/31/79,Underground,4,77
Russia,1979,5/6/79,Underground,2,35
Russia,1979,6/12/79,Underground,1,0.001
Russia,1979,6/23/79,Underground,1,149
Russia,1979,7/14/79,Underground,3,21
Russia,1979,7/18/79,Underground,2,26
Russia,1979,7/7/79,Underground,2,117
Russia,1979,8/12/79,Underground,1,8.5
Russia,1979,8/18/79,Underground,2,170
Russia,1979,8/4/79,Underground,2,300
Russia,1979,9/16/79,Underground,1,0.3
Russia,1979,9/24/79,Underground,3,170
Russia,1979,9/27/79,Underground,1,1.6
Russia,1979,9/6/79,Underground,1,8.5
Russia,1980,10/11/80,Underground,7,380
Russia,1980,10/12/80,Underground,2,252
Russia,1980,10/23/80,Underground,1,20
Russia,1980,10/8/80,Underground,1,8.5
Russia,1980,11/1/80,Underground,1,8
Russia,1980,12/10/80,Underground,1,15
Russia,1980,12/14/80,Underground,3,271
Russia,1980,12/26/80,Underground,1,2
Russia,1980,12/27/80,Underground,2,120
Russia,1980,12/5/80,Underground,4,60.1
Russia,1980,3/14/80,Underground,1,0.001
Russia,1980,4/10/80,Underground,2,28
Russia,1980,4/25/80,Underground,2,39
Russia,1980,4/4/80,Underground,1,6
Russia,1980,5/22/80,Underground,3,75
Russia,1980,6/12/80,Underground,1,37
Russia,1980,6/16/80,Underground,1,3.2
Russia,1980,6/25/80,Underground,2,3.5
Russia,1980,6/29/80,Underground,3,214
Russia,1980,7/31/80,Underground,2,40
Russia,1980,9/14/80,Underground,1,200
Russia,1980,9/25/80,Underground,1,5
Russia,1981,10/1/81,Underground,4,200
Russia,1981,10/16/81,Underground,1,0.001
Russia,1981,10/18/81,Underground,2,127
Russia,1981,10/22/81,Underground,1,8.5
Russia,1981,11/20/81,Underground,2,28
Russia,1981,11/29/81,Underground,3,71
Russia,1981,12/22/81,Underground,3,47
Russia,1981,12/27/81,Underground,1,150
Russia,1981,3/25/81,Underground,1,0.001
Russia,1981,3/29/81,Underground,3,70
Russia,1981,4/22/81,Underground,3,132
Russia,1981,5/25/81,Underground,1,37.6
Russia,1981,5/27/81,Underground,1,20
Russia,1981,6/30/81,Underground,2,32
Russia,1981,6/4/81,Underground,1,0.001
Russia,1981,7/17/81,Underground,1,9.3
Russia,1981,8/14/81,Underground,3,45.6
Russia,1981,9/13/81,Underground,1,150
Russia,1981,9/2/81,Underground,1,3.2
Russia,1981,9/26/81,Underground,2,17
Russia,1982,10/10/82,Underground,1,15
Russia,1982,10/11/82,Underground,4,270
Russia,1982,10/16/82,Underground,4,39
Russia,1982,12/25/82,Underground,2,21.7
Russia,1982,12/26/82,Underground,2,42
Russia,1982,12/5/82,Underground,2,139
Russia,1982,2/19/82,Underground,2,44
Russia,1982,4/25/82,Underground,3,445
Russia,1982,4/6/82,Underground,1,0
Russia,1982,6/25/82,Underground,2,22.4
Russia,1982,7/30/82,Underground,1,8.5
Russia,1982,7/4/82,Underground,3,306
Russia,1982,8/23/82,Underground,2,21.7
Russia,1982,8/31/82,Underground,2,28
Russia,1982,9/21/82,Underground,2,32
Russia,1982,9/25/82,Underground,1,8.5
Russia,1982,9/4/82,Underground,1,16
Russia,1983,10/26/83,Underground,1,114
Russia,1983,10/6/83,Underground,2,102
Russia,1983,11/2/83,Underground,1,20
Russia,1983,11/20/83,Underground,2,40
Russia,1983,11/29/83,Underground,3,59
Russia,1983,12/26/83,Underground,1,30
Russia,1983,3/11/83,Underground,1,0.001
Russia,1983,3/30/83,Underground,1,2.7
Russia,1983,4/11/83,Underground,1,0
Russia,1983,4/12/83,Underground,1,3
Russia,1983,5/30/83,Underground,2,40
Russia,1983,6/12/83,Underground,2,158
Russia,1983,6/24/83,Underground,1,1.8
Russia,1983,6/9/83,Underground,1,0
Russia,1983,7/10/83,Underground,3,45
Russia,1983,8/18/83,Underground,5,230
Russia,1983,9/11/83,Underground,1,1.9
Russia,1983,9/24/83,Underground,6,51
Russia,1983,9/25/83,Underground,4,160
Russia,1984,10/18/84,Underground,1,1.4
Russia,1984,10/25/84,Underground,5,300
Russia,1984,10/27/84,Underground,3,156.4
Russia,1984,11/23/84,Underground,3,41.4
Russia,1984,12/16/84,Underground,2,157
Russia,1984,12/2/84,Underground,2,99
Russia,1984,12/28/84,Underground,2,125
Russia,1984,2/19/84,Underground,1,49
Russia,1984,3/29/84,Underground,1,83
Russia,1984,3/7/84,Underground,1,42
Russia,1984,4/15/84,Underground,2,80
Russia,1984,4/25/84,Underground,2,96
Russia,1984,5/26/84,Underground,2,150
Russia,1984,6/7/84,Underground,1,0
Russia,1984,7/14/84,Underground,2,155
Russia,1984,7/21/84,Underground,3,45
Russia,1984,8/11/84,Underground,1,85
Russia,1984,8/25/84,Underground,1,8.5
Russia,1984,8/26/84,Underground,1,0.6
Russia,1984,8/27/84,Underground,2,3.4
Russia,1984,8/28/84,Underground,2,6.4
Russia,1984,9/17/84,Underground,1,10
Russia,1984,9/9/84,Underground,4,66
Russia,1985,2/10/85,Underground,3,232
Russia,1985,4/25/85,Underground,2,224
Russia,1985,6/15/85,Underground,3,154
Russia,1985,6/18/85,Underground,1,2.5
Russia,1985,6/30/85,Underground,2,236
Russia,1985,7/11/85,Underground,1,0.5
Russia,1985,7/18/85,Underground,1,8.5
Russia,1985,7/19/85,Underground,1,20
Russia,1985,7/20/85,Underground,1,74
Russia,1985,7/25/85,Underground,4,65
Russia,1987,10/16/87,Underground,1,1.1
Russia,1987,10/3/87,Underground,1,8.5
Russia,1987,11/15/87,Underground,2,123
Russia,1987,12/13/87,Underground,2,287
Russia,1987,12/20/87,Underground,1,5
Russia,1987,12/27/87,Underground,2,137
Russia,1987,2/26/87,Underground,1,24
Russia,1987,3/12/87,Underground,2,31
Russia,1987,4/17/87,Underground,4,126
Russia,1987,4/19/87,Underground,2,6.4
Russia,1987,4/3/87,Underground,4,181
Russia,1987,5/6/87,Underground,1,40
Russia,1987,6/20/87,Underground,2,127
Russia,1987,6/6/87,Underground,1,24
Russia,1987,7/17/87,Underground,1,78
Russia,1987,7/24/87,Underground,1,15
Russia,1987,7/7/87,Underground,1,15
Russia,1987,8/12/87,Underground,1,3.2
Russia,1987,8/2/87,Underground,8,732
Russia,1987,9/18/87,Underground,2,21.1
Russia,1988,10/18/88,Underground,1,6
Russia,1988,11/12/88,Underground,1,15
Russia,1988,11/23/88,Underground,3,39.001
Russia,1988,12/17/88,Underground,2,88
Russia,1988,12/28/88,Underground,2,20.2
Russia,1988,12/4/88,Underground,5,200.001
Russia,1988,2/13/88,Underground,2,145
Russia,1988,2/6/88,Underground,3,5.002
Russia,1988,4/22/88,Underground,1,2.3
Russia,1988,4/3/88,Underground,1,135
Russia,1988,5/4/88,Underground,1,132
Russia,1988,5/7/88,Underground,3,120
Russia,1988,6/14/88,Underground,1,4
Russia,1988,8/22/88,Underground,1,15
Russia,1988,9/14/88,Underground,1,150
Russia,1988,9/6/88,Underground,1,8.5
Russia,1989,1/22/89,Underground,2,268
Russia,1989,10/19/89,Underground,3,125
Russia,1989,10/4/89,Underground,1,4
Russia,1989,2/12/89,Underground,1,63
Russia,1989,2/17/89,Underground,1,10
Russia,1989,7/8/89,Underground,1,22
Russia,1989,9/2/89,Underground,2,26
Russia,1990,10/24/90,Underground,8,150.003